{"cameraMode":{"drawMode":0,"name":"Shaded","section":"Shading Mode"},"sceneLighting":false,"audioPlay":false,"sceneViewState":{"showFog":true,"showMaterialUpdate":false,"showSkybox":false,"showFlares":true,"showImageEffects":true,"showParticleSystems":true},"in2DMode":false,"pivot":{"x":481.8785400390625,"y":320.35003662109377,"z":-413.70172119140627},"rotation":{"x":-0.03920082002878189,"y":-0.9494765996932983,"z":0.13249297440052033,"w":-0.28191298246383669},"size":0.272894948720932,"orthographic":false}