{"cameraMode":{"drawMode":0,"name":"Shaded","section":"Shading Mode"},"sceneLighting":false,"audioPlay":false,"sceneViewState":{"showFog":true,"showMaterialUpdate":false,"showSkybox":false,"showFlares":true,"showImageEffects":true,"showParticleSystems":true},"in2DMode":false,"pivot":{"x":3.3948988914489748,"y":0.31343886256217959,"z":-1.5917348861694337},"rotation":{"x":-0.03649201989173889,"y":0.8978174924850464,"z":-0.07523906975984574,"w":-0.43266135454177859},"size":1.2286746501922608,"orthographic":false}