{"cameraMode":{"drawMode":0,"name":"Shaded","section":"Shading Mode"},"sceneLighting":true,"audioPlay":false,"sceneViewState":{"showFog":true,"showMaterialUpdate":false,"showSkybox":true,"showFlares":true,"showImageEffects":true,"showParticleSystems":true},"in2DMode":false,"pivot":{"x":0.0438152477145195,"y":0.044347040355205539,"z":-0.060535430908203128},"rotation":{"x":0.1420520842075348,"y":-0.8404818773269653,"z":0.2647080719470978,"w":0.45112159848213198},"size":10.977679252624512,"orthographic":false}