{"cameraMode":{"drawMode":0,"name":"Shaded","section":"Shading Mode"},"sceneLighting":false,"audioPlay":false,"sceneViewState":{"showFog":true,"showMaterialUpdate":false,"showSkybox":false,"showFlares":true,"showImageEffects":true,"showParticleSystems":true},"in2DMode":false,"pivot":{"x":0.0,"y":0.24227814376354218,"z":2.9802322387695315e-8},"rotation":{"x":0.1858203411102295,"y":-0.11029093712568283,"z":0.020985787734389306,"w":0.9761977791786194},"size":1.23288893699646,"orthographic":false}