{"cameraMode":{"drawMode":0,"name":"Shaded","section":"Shading Mode"},"sceneLighting":false,"audioPlay":false,"sceneViewState":{"showFog":true,"showMaterialUpdate":false,"showSkybox":false,"showFlares":true,"showImageEffects":true,"showParticleSystems":true},"in2DMode":false,"pivot":{"x":-0.0017575472593307496,"y":0.09999999403953552,"z":0.0},"rotation":{"x":0.12052399665117264,"y":-0.658558189868927,"z":0.10766568034887314,"w":0.7350819706916809},"size":1.0607856512069703,"orthographic":false}