{"cameraMode":{"drawMode":0,"name":"Shaded","section":"Shading Mode"},"sceneLighting":true,"audioPlay":false,"sceneViewState":{"showFog":true,"showMaterialUpdate":false,"showSkybox":true,"showFlares":true,"showImageEffects":true,"showParticleSystems":true},"in2DMode":false,"pivot":{"x":3.563236713409424,"y":0.037650950253009799,"z":-2.013603925704956},"rotation":{"x":-0.21194034814834596,"y":-0.35070133209228518,"z":0.08191612362861633,"w":-0.9085654616355896},"size":7.612631797790527,"orthographic":false}